job_role,required_skills,qualification,experience,technologies,job_description,keywords
Python Developer,"Python, SQL, Django, Git, REST API","B.Tech/BE in Computer Science or related field","0-3 years","Python, Django, SQL, Git, REST API","Develop and maintain Python applications, APIs and backend services. Work with databases, version control and software development teams.","backend, api, python development, web development"
Data Analyst,"Python, SQL, Excel, Power BI, Statistics, Data Analysis","Bachelor's degree in Computer Science, Statistics, Mathematics, Business or related field","0-3 years","Python, SQL, Excel, Power BI, Pandas","Analyze business data, create reports and dashboards, identify trends and communicate data-driven insights to stakeholders.","analytics, dashboards, reporting, business intelligence"
Machine Learning Engineer,"Python, Machine Learning, Scikit-learn, TensorFlow, SQL, Git","B.Tech/BE/M.Tech in Computer Science, AI or related field","1-4 years","Python, Scikit-learn, TensorFlow, SQL, Git","Build, train, evaluate and deploy machine learning models. Prepare data and integrate predictive models into applications.","ml, predictive modeling, model deployment, artificial intelligence"
Data Scientist,"Python, SQL, Machine Learning, Pandas, NumPy, Statistics","B.Tech/BE/M.Tech in Computer Science, Data Science, Statistics or related field","1-5 years","Python, Pandas, NumPy, Scikit-learn, SQL","Use statistical analysis and machine learning to solve business problems, build predictive models and communicate findings.","data science, statistics, predictive analytics, machine learning"
Web Developer,"HTML, CSS, JavaScript, React, Git, REST API","Bachelor's degree in Computer Science or related field","0-3 years","HTML, CSS, JavaScript, React, Git, REST API","Build responsive web applications and user interfaces. Collaborate with backend developers and maintain web code using modern development practices.","frontend, web development, javascript, ui"
Full Stack Developer,"Python, JavaScript, HTML, CSS, React, SQL, Git, REST API","B.Tech/BE in Computer Science or related field","1-4 years","Python, JavaScript, React, SQL, Git, REST API","Develop both frontend and backend components of web applications. Design APIs, work with databases and integrate user interfaces.","full stack, frontend, backend, web applications"
Business Intelligence Analyst,"SQL, Excel, Power BI, Tableau, Data Analysis, Statistics","Bachelor's degree in Business, Computer Science, Statistics or related field","1-4 years","SQL, Excel, Power BI, Tableau","Create business intelligence reports and dashboards, analyze performance metrics and translate business requirements into actionable insights.","business intelligence, reporting, dashboards, visualization"
Cloud Engineer,"Python, AWS, Azure, Docker, Git, Linux","B.Tech/BE in Computer Science, IT or related field","1-5 years","AWS, Azure, Docker, Git, Python","Design, deploy and maintain cloud infrastructure and services. Automate deployments, monitor systems and support scalable applications.","cloud computing, infrastructure, devops, deployment"
DevOps Engineer,"Python, Docker, Git, AWS, Linux, Kubernetes","B.Tech/BE in Computer Science or related field","1-5 years","Docker, AWS, Git, Kubernetes, Python","Automate software delivery and infrastructure processes, maintain CI/CD workflows and improve reliability of development and production systems.","devops, ci/cd, automation, cloud"
NLP Engineer,"Python, NLP, Machine Learning, Scikit-learn, TensorFlow","B.Tech/BE/M.Tech in Computer Science, AI or related field","1-4 years","Python, NLP, Scikit-learn, TensorFlow","Develop natural language processing solutions for text classification, information extraction, search and language understanding.","nlp, text mining, language processing, artificial intelligence"
